<?xml version="1.0" encoding="UTF-8"?>
<actions>
    <action>
        <actionName>run</actionName>
        <packagings>
            <packaging>jar</packaging>
        </packagings>
        <goals>
            <goal>process-classes</goal>
            <goal>org.codehaus.mojo:exec-maven-plugin:1.2.1:exec</goal>
        </goals>
        <properties>
            <exec.args>-classpath %classpath org.joinfaces.example.JoinFacesExampleApplicationMain</exec.args>
            <exec.executable>java</exec.executable>
        </properties>
    </action>
    <action>
        <actionName>debug</actionName>
        <packagings>
            <packaging>jar</packaging>
        </packagings>
        <goals>
            <goal>process-classes</goal>
            <goal>org.codehaus.mojo:exec-maven-plugin:1.2.1:exec</goal>
        </goals>
        <properties>
            <exec.args>-Xdebug -Xrunjdwp:transport=dt_socket,server=n,address=${jpda.address} -classpath %classpath org.joinfaces.example.JoinFacesExampleApplicationMain</exec.args>
            <exec.executable>java</exec.executable>
            <jpda.listen>true</jpda.listen>
        </properties>
    </action>
    <action>
        <actionName>CUSTOM-duplicate-checkstyle-pmd-cpd-cycles-findbugs</actionName>
        <displayName>duplicate-checkstyle-pmd-cpd-cycles-findbugs</displayName>
        <goals>
            <goal>clean</goal>
            <goal>verify</goal>
        </goals>
        <activatedProfiles>
            <activatedProfile>check-duplicate</activatedProfile>
            <activatedProfile>check-checkstyle</activatedProfile>
            <activatedProfile>check-cycles</activatedProfile>
            <activatedProfile>check-cpd</activatedProfile>
            <activatedProfile>check-pmd</activatedProfile>
            <activatedProfile>check-findbugs</activatedProfile>
        </activatedProfiles>
        <properties>
            <skipTests>true</skipTests>
        </properties>
    </action>
    <action>
        <actionName>CUSTOM-site</actionName>
        <displayName>site</displayName>
        <goals>
            <goal>clean</goal>
            <goal>site</goal>
        </goals>
    </action>
    <action>
        <actionName>CUSTOM-skipTests</actionName>
        <displayName>skipTests</displayName>
        <goals>
            <goal>install</goal>
        </goals>
        <properties>
            <skipTests>true</skipTests>
        </properties>
    </action>
</actions>
